<?xml version="1.0" encoding="utf-8"?>
<!DOCTYPE DomainValueSet SYSTEM "http://diides.ncr.disa.mil/xmlreg/DTD/registry_domain_values.dtd">
<DomainValueSet>
   <EffectiveDate>04/30/2004</EffectiveDate>
   <SecurityClassification>UNCLASSIFIED</SecurityClassification>
   <Definition>A declassification marking of a source document that causes the current, derivative document to be exempted from automatic declassification</Definition>
   <Comment>"typeOfExemptedSource" and "dateOfExemptedSource" are used together to produce the "Declassify On" value in a classification/declassification block.</Comment>
   <Namespace>INT</Namespace>
   <InformationResourceName>IC_ISM_typeOfExemptedSource</InformationResourceName>
   <InformationResourceVersion>2004-04-30</InformationResourceVersion>
   <DomainValues>
      <DomainValue security_classification="Unclassified">
         <KeyValue>OADR</KeyValue>
         <Description>Used when a document is classified derivatively either from a source document(s) or a classification guide that contains the declassification instruction "Originating Agency's Determination Required" or "OADR"</Description>
      </DomainValue>
      <DomainValue security_classification="Unclassified">
         <KeyValue>X1</KeyValue>
         <Description>Used when a document is classified derivatively either from a source document(s) or a classification guide that contains the declassification instruction "X1"</Description>
      </DomainValue>
      <DomainValue security_classification="Unclassified">
         <KeyValue>X2</KeyValue>
         <Description>Used when a document is classified derivatively either from a source document(s) or a classification guide that contains the declassification instruction "X2"</Description>
      </DomainValue>
      <DomainValue security_classification="Unclassified">
         <KeyValue>X3</KeyValue>
         <Description>Used when a document is classified derivatively either from a source document(s) or a classification guide that contains the declassification instruction "X3"</Description>
      </DomainValue>
      <DomainValue security_classification="Unclassified">
         <KeyValue>X4</KeyValue>
         <Description>Used when a document is classified derivatively either from a source document(s) or a classification guide that contains the declassification instruction "X4"</Description>
      </DomainValue>
      <DomainValue security_classification="Unclassified">
         <KeyValue>X5</KeyValue>
         <Description>Used when a document is classified derivatively either from a source document(s) or a classification guide that contains the declassification instruction "X5"</Description>
      </DomainValue>
      <DomainValue security_classification="Unclassified">
         <KeyValue>X6</KeyValue>
         <Description>Used when a document is classified derivatively either from a source document(s) or a classification guide that contains the declassification instruction "X6"</Description>
      </DomainValue>
      <DomainValue security_classification="Unclassified">
         <KeyValue>X7</KeyValue>
         <Description>Used when a document is classified derivatively either from a source document(s) or a classification guide that contains the declassification instruction "X7"</Description>
      </DomainValue>
      <DomainValue security_classification="Unclassified">
         <KeyValue>X8</KeyValue>
         <Description>Used when a document is classified derivatively either from a source document(s) or a classification guide that contains the declassification instruction "X8"</Description>
      </DomainValue>
   </DomainValues>
</DomainValueSet>