<?xml version="1.0" encoding="utf-8"?>
<!DOCTYPE DomainValueSet SYSTEM "http://diides.ncr.disa.mil/xmlreg/DTD/registry_domain_values.dtd">
<DomainValueSet>
   <EffectiveDate>04/30/2004</EffectiveDate>
   <SecurityClassification>UNCLASSIFIED</SecurityClassification>
   <Definition>One or more exceptions to the nominal 25-year point for automatic declassification</Definition>
   <Namespace>INT</Namespace>
   <InformationResourceName>IC_ISM_declassException</InformationResourceName>
   <InformationResourceVersion>2004-04-30</InformationResourceVersion>
   <DomainValues>
      <DomainValue security_classification="Unclassified">
         <KeyValue>25X1-human</KeyValue>
         <Description>25-year exemption code for information declassification, Executive Order 12958, Section 3.3 (b)(1)</Description>
      </DomainValue>
      <DomainValue security_classification="Unclassified">
         <KeyValue>25X1</KeyValue>
         <Description>25-year exemption code for information declassification, Executive Order 12958, Section 3.3 (b)(1)</Description>
      </DomainValue>
      <DomainValue security_classification="Unclassified">
         <KeyValue>25X2</KeyValue>
         <Description>25-year exemption code for information declassification, Executive Order 12958, Section 3.3 (b)(2)</Description>
      </DomainValue>
      <DomainValue security_classification="Unclassified">
         <KeyValue>25X3</KeyValue>
         <Description>25-year exemption code for information declassification, Executive Order 12958, Section 3.3 (b)(3)</Description>
      </DomainValue>
      <DomainValue security_classification="Unclassified">
         <KeyValue>25X4</KeyValue>
         <Description>25-year exemption code for information declassification, Executive Order 12958, Section 3.3 (b)(4)</Description>
      </DomainValue>
      <DomainValue security_classification="Unclassified">
         <KeyValue>25X5</KeyValue>
         <Description>25-year exemption code for information declassification, Executive Order 12958, Section 3.3 (b)(5)</Description>
      </DomainValue>
      <DomainValue security_classification="Unclassified">
         <KeyValue>25X6</KeyValue>
         <Description>25-year exemption code for information declassification, Executive Order 12958, Section 3.3 (b)(6)</Description>
      </DomainValue>
      <DomainValue security_classification="Unclassified">
         <KeyValue>25X7</KeyValue>
         <Description>25-year exemption code for information declassification, Executive Order 12958, Section 3.3 (b)(7)</Description>
      </DomainValue>
      <DomainValue security_classification="Unclassified">
         <KeyValue>25X8</KeyValue>
         <Description>25-year exemption code for information declassification, Executive Order 12958, Section 3.3 (b)(8)</Description>
      </DomainValue>
      <DomainValue security_classification="Unclassified">
         <KeyValue>25X9</KeyValue>
         <Description>25-year exemption code for information declassification, Executive Order 12958, Section 3.3 (b)(9)</Description>
      </DomainValue>
   </DomainValues>
</DomainValueSet>