<?xml version="1.0" encoding="utf-8"?>
<!DOCTYPE DomainValueSet SYSTEM "http://diides.ncr.disa.mil/xmlreg/DTD/registry_domain_values.dtd">
<DomainValueSet>
   <EffectiveDate>04/30/2004</EffectiveDate>
   <SecurityClassification>UNCLASSIFIED</SecurityClassification>
   <Definition>CAPCO-authorized abbreviations for sensitive compartmented information control system(s)</Definition>
   <Comment>For the "SI-ECI-XXX" permissible value, "XXX" is a placeholder for ECI program designator alphabetic trigraphs, which are classified and are therefore not included here. Additional classified and unpublished SCI control system abbreviations are not included here.</Comment>
   <Namespace>INT</Namespace>
   <InformationResourceName>IC_ISM_SCIcontrols</InformationResourceName>
   <InformationResourceVersion>2004-04-30</InformationResourceVersion>
   <DomainValues>
      <DomainValue security_classification="Unclassified">
         <KeyValue>SI</KeyValue>
         <Description>COMINT</Description>
      </DomainValue>
      <DomainValue security_classification="Unclassified">
         <KeyValue>SI-G</KeyValue>
         <Description>COMINT-GAMMA</Description>
      </DomainValue>
      <DomainValue security_classification="Unclassified">
         <KeyValue>SI-ECI-XXX</KeyValue>
         <Description>COMINT-ECI XXX</Description>
         <NonKeyValue>SI-ECI XXX</NonKeyValue>
      </DomainValue>
      <DomainValue security_classification="Unclassified">
         <KeyValue>TK</KeyValue>
         <Description>TALENT KEYHOLE</Description>
      </DomainValue>
   </DomainValues>
</DomainValueSet>