<?xml version="1.0" encoding="utf-8"?>
<!DOCTYPE DomainValueSet SYSTEM "http://diides.ncr.disa.mil/xmlreg/DTD/registry_domain_values.dtd">
<DomainValueSet>
   <EffectiveDate>04/30/2004</EffectiveDate>
   <SecurityClassification>UNCLASSIFIED</SecurityClassification>
   <Definition>Information security classification markings for classified information originating from non-intelligence components of the US Department of Defense or the US Department of Energy</Definition>
   <Namespace>INT</Namespace>
   <InformationResourceName>IC_ISM_nonICmarkings</InformationResourceName>
   <InformationResourceVersion>2004-04-30</InformationResourceVersion>
   <DomainValues>
      <DomainValue security_classification="Unclassified">
         <KeyValue>SC</KeyValue>
         <Description>SPECIAL CATEGORY</Description>
         <NonKeyValue>SPECAT</NonKeyValue>
      </DomainValue>
      <DomainValue security_classification="Unclassified">
         <KeyValue>SIOP</KeyValue>
         <Description>SINGLE INTEGRATED OPERATIONS PLAN-EXTREMELY SENSITIVE INFORMATION</Description>
         <NonKeyValue>SIOP-ESI</NonKeyValue>
      </DomainValue>
      <DomainValue security_classification="Unclassified">
         <KeyValue>SINFO</KeyValue>
         <Description>SENSITIVE INFORMATION</Description>
      </DomainValue>
      <DomainValue security_classification="Unclassified">
         <KeyValue>DS</KeyValue>
         <Description>LIMITED DISTRIBUTION</Description>
         <NonKeyValue>LIMDIS</NonKeyValue>
      </DomainValue>
      <DomainValue security_classification="Unclassified">
         <KeyValue>XD</KeyValue>
         <Description>EXCLUSIVE DISTRIBUTION</Description>
         <NonKeyValue>EXDIS</NonKeyValue>
      </DomainValue>
      <DomainValue security_classification="Unclassified">
         <KeyValue>ND</KeyValue>
         <Description>NO DISTRIBUTION</Description>
         <NonKeyValue>NODIS</NonKeyValue>
      </DomainValue>
      <DomainValue security_classification="Unclassified">
         <KeyValue>SBU</KeyValue>
         <Description>SENSITIVE BUT UNCLASSIFIED</Description>
      </DomainValue>
      <DomainValue security_classification="Unclassified">
         <KeyValue>SBU-NF</KeyValue>
         <Description>SENSITIVE BUT UNCLASSIFIED NOFORN</Description>
         <NonKeyValue>SBU NOFORN</NonKeyValue>
      </DomainValue>
   </DomainValues>
</DomainValueSet>