<?xml version="1.0" encoding="utf-8"?>
<!DOCTYPE DomainValueSet SYSTEM "http://diides.ncr.disa.mil/xmlreg/DTD/registry_domain_values.dtd">
<DomainValueSet>
   <EffectiveDate>04/30/2004</EffectiveDate>
   <SecurityClassification>UNCLASSIFIED</SecurityClassification>
   <Definition>Controls which identify the expansion or limitation on the distribution of information</Definition>
   <Namespace>INT</Namespace>
   <InformationResourceName>IC_ISM_disseminationControls</InformationResourceName>
   <InformationResourceVersion>2004-04-30</InformationResourceVersion>
   <DomainValues>
      <DomainValue security_classification="Unclassified">
         <KeyValue>RS</KeyValue>
         <Description>RISK SENSITIVE</Description>
         <NonKeyValue>RSEN</NonKeyValue>
      </DomainValue>
      <DomainValue security_classification="Unclassified">
         <KeyValue>FOUO</KeyValue>
         <Description>FOR OFFICIAL USE ONLY</Description>
      </DomainValue>
      <DomainValue security_classification="Unclassified">
         <KeyValue>OC</KeyValue>
         <Description>ORIGINATOR CONTROLLED</Description>
         <NonKeyValue>ORCON</NonKeyValue>
      </DomainValue>
      <DomainValue security_classification="Unclassified">
         <KeyValue>IMC</KeyValue>
         <Description>CONTROLLED IMAGERY</Description>
         <NonKeyValue>IMCON</NonKeyValue>
      </DomainValue>
      <DomainValue security_classification="Unclassified">
         <KeyValue>SAMI</KeyValue>
         <Description>SOURCES AND METHODS INFORMATION</Description>
      </DomainValue>
      <DomainValue security_classification="Unclassified">
         <KeyValue>NF</KeyValue>
         <Description>NOT RELEASABLE TO FOREIGN NATIONALS</Description>
         <NonKeyValue>NOFORN</NonKeyValue>
      </DomainValue>
      <DomainValue security_classification="Unclassified">
         <KeyValue>PR</KeyValue>
         <Description>CAUTION-PROPRIETARY INFORMATION INVOLVED</Description>
         <NonKeyValue>PROPIN</NonKeyValue>
      </DomainValue>
      <DomainValue security_classification="Unclassified">
         <KeyValue>REL</KeyValue>
         <Description>AUTHORIZED FOR RELEASE TO</Description>
         <NonKeyValue>REL TO</NonKeyValue>
      </DomainValue>
      <DomainValue security_classification="Unclassified">
         <KeyValue>RD</KeyValue>
         <Description>RESTRICTED DATA</Description>
      </DomainValue>
      <DomainValue security_classification="Unclassified">
         <KeyValue>RD-CNWDI</KeyValue>
         <Description>RESTRICTED DATA-CRITICAL NUCLEAR WEAPONS DESIGN INFORMATION</Description>
      </DomainValue>
      <DomainValue security_classification="Unclassified">
         <KeyValue>RD-SG-1</KeyValue>
         <Description>RESTRICTED DATA-SIGMA 1</Description>
         <NonKeyValue>RD-SIGMA 1</NonKeyValue>
      </DomainValue>
      <DomainValue security_classification="Unclassified">
         <KeyValue>RD-SG-2</KeyValue>
         <Description>RESTRICTED DATA-SIGMA 2</Description>
         <NonKeyValue>RD-SIGMA 2</NonKeyValue>
      </DomainValue>
      <DomainValue security_classification="Unclassified">
         <KeyValue>RD-SG-3</KeyValue>
         <Description>RESTRICTED DATA-SIGMA 3</Description>
         <NonKeyValue>RD-SIGMA 3</NonKeyValue>
      </DomainValue>
      <DomainValue security_classification="Unclassified">
         <KeyValue>RD-SG-4</KeyValue>
         <Description>RESTRICTED DATA-SIGMA 4</Description>
         <NonKeyValue>RD-SIGMA 4</NonKeyValue>
      </DomainValue>
      <DomainValue security_classification="Unclassified">
         <KeyValue>RD-SG-5</KeyValue>
         <Description>RESTRICTED DATA-SIGMA 5</Description>
         <NonKeyValue>RD-SIGMA 5</NonKeyValue>
      </DomainValue>
      <DomainValue security_classification="Unclassified">
         <KeyValue>RD-SG-6</KeyValue>
         <Description>RESTRICTED DATA-SIGMA 6</Description>
         <NonKeyValue>RD-SIGMA 6</NonKeyValue>
      </DomainValue>
      <DomainValue security_classification="Unclassified">
         <KeyValue>RD-SG-7</KeyValue>
         <Description>RESTRICTED DATA-SIGMA 7</Description>
         <NonKeyValue>RD-SIGMA 7</NonKeyValue>
      </DomainValue>
      <DomainValue security_classification="Unclassified">
         <KeyValue>RD-SG-8</KeyValue>
         <Description>RESTRICTED DATA-SIGMA 8</Description>
         <NonKeyValue>RD-SIGMA 8</NonKeyValue>
      </DomainValue>
      <DomainValue security_classification="Unclassified">
         <KeyValue>RD-SG-9</KeyValue>
         <Description>RESTRICTED DATA-SIGMA 9</Description>
         <NonKeyValue>RD-SIGMA 9</NonKeyValue>
      </DomainValue>
      <DomainValue security_classification="Unclassified">
         <KeyValue>RD-SG-10</KeyValue>
         <Description>RESTRICTED DATA-SIGMA 10</Description>
         <NonKeyValue>RD-SIGMA 10</NonKeyValue>
      </DomainValue>
      <DomainValue security_classification="Unclassified">
         <KeyValue>RD-SG-11</KeyValue>
         <Description>RESTRICTED DATA-SIGMA 11</Description>
         <NonKeyValue>RD-SIGMA 11</NonKeyValue>
      </DomainValue>
      <DomainValue security_classification="Unclassified">
         <KeyValue>RD-SG-12</KeyValue>
         <Description>RESTRICTED DATA-SIGMA 12</Description>
         <NonKeyValue>RD-SIGMA 12</NonKeyValue>
      </DomainValue>
      <DomainValue security_classification="Unclassified">
         <KeyValue>RD-SG-13</KeyValue>
         <Description>RESTRICTED DATA-SIGMA 13</Description>
         <NonKeyValue>RD-SIGMA 13</NonKeyValue>
      </DomainValue>
      <DomainValue security_classification="Unclassified">
         <KeyValue>RD-SG-14</KeyValue>
         <Description>RESTRICTED DATA-SIGMA 14</Description>
         <NonKeyValue>RD-SIGMA 14</NonKeyValue>
      </DomainValue>
      <DomainValue security_classification="Unclassified">
         <KeyValue>RD-SG-15</KeyValue>
         <Description>RESTRICTED DATA-SIGMA 15</Description>
         <NonKeyValue>RD-SIGMA 15</NonKeyValue>
      </DomainValue>
      <DomainValue security_classification="Unclassified">
         <KeyValue>FRD</KeyValue>
         <Description>FORMERLY RESTRICTED DATA</Description>
      </DomainValue>
      <DomainValue security_classification="Unclassified">
         <KeyValue>FRD-CNWDI</KeyValue>
         <Description>FORMERLY RESTRICTED DATA-CRITICAL NUCLEAR WEAPONS DESIGN INFORMATION</Description>
      </DomainValue>
      <DomainValue security_classification="Unclassified">
         <KeyValue>FRD-SG-1</KeyValue>
         <Description>FORMERLY RESTRICTED DATA-SIGMA 1</Description>
         <NonKeyValue>FRD-SIGMA 1</NonKeyValue>
      </DomainValue>
      <DomainValue security_classification="Unclassified">
         <KeyValue>FRD-SG-2</KeyValue>
         <Description>FORMERLY RESTRICTED DATA-SIGMA 2</Description>
         <NonKeyValue>FRD-SIGMA 2</NonKeyValue>
      </DomainValue>
      <DomainValue security_classification="Unclassified">
         <KeyValue>FRD-SG-3</KeyValue>
         <Description>FORMERLY RESTRICTED DATA-SIGMA 3</Description>
         <NonKeyValue>FRD-SIGMA 3</NonKeyValue>
      </DomainValue>
      <DomainValue security_classification="Unclassified">
         <KeyValue>FRD-SG-4</KeyValue>
         <Description>FORMERLY RESTRICTED DATA-SIGMA 4</Description>
         <NonKeyValue>FRD-SIGMA 4</NonKeyValue>
      </DomainValue>
      <DomainValue security_classification="Unclassified">
         <KeyValue>FRD-SG-5</KeyValue>
         <Description>FORMERLY RESTRICTED DATA-SIGMA 5</Description>
         <NonKeyValue>FRD-SIGMA 5</NonKeyValue>
      </DomainValue>
      <DomainValue security_classification="Unclassified">
         <KeyValue>FRD-SG-6</KeyValue>
         <Description>FORMERLY RESTRICTED DATA-SIGMA 6</Description>
         <NonKeyValue>FRD-SIGMA 6</NonKeyValue>
      </DomainValue>
      <DomainValue security_classification="Unclassified">
         <KeyValue>FRD-SG-7</KeyValue>
         <Description>FORMERLY RESTRICTED DATA-SIGMA 7</Description>
         <NonKeyValue>FRD-SIGMA 7</NonKeyValue>
      </DomainValue>
      <DomainValue security_classification="Unclassified">
         <KeyValue>FRD-SG-8</KeyValue>
         <Description>FORMERLY RESTRICTED DATA-SIGMA 8</Description>
         <NonKeyValue>FRD-SIGMA 8</NonKeyValue>
      </DomainValue>
      <DomainValue security_classification="Unclassified">
         <KeyValue>FRD-SG-9</KeyValue>
         <Description>FORMERLY RESTRICTED DATA-SIGMA 9</Description>
         <NonKeyValue>FRD-SIGMA 9</NonKeyValue>
      </DomainValue>
      <DomainValue security_classification="Unclassified">
         <KeyValue>FRD-SG-10</KeyValue>
         <Description>FORMERLY RESTRICTED DATA-SIGMA 10</Description>
         <NonKeyValue>FRD-SIGMA 10</NonKeyValue>
      </DomainValue>
      <DomainValue security_classification="Unclassified">
         <KeyValue>FRD-SG-11</KeyValue>
         <Description>FORMERLY RESTRICTED DATA-SIGMA 11</Description>
         <NonKeyValue>FRD-SIGMA 11</NonKeyValue>
      </DomainValue>
      <DomainValue security_classification="Unclassified">
         <KeyValue>FRD-SG-12</KeyValue>
         <Description>FORMERLY RESTRICTED DATA-SIGMA 12</Description>
         <NonKeyValue>FRD-SIGMA 12</NonKeyValue>
      </DomainValue>
      <DomainValue security_classification="Unclassified">
         <KeyValue>FRD-SG-13</KeyValue>
         <Description>FORMERLY RESTRICTED DATA-SIGMA 13</Description>
         <NonKeyValue>FRD-SIGMA 13</NonKeyValue>
      </DomainValue>
      <DomainValue security_classification="Unclassified">
         <KeyValue>FRD-SG-14</KeyValue>
         <Description>FORMERLY RESTRICTED DATA-SIGMA 14</Description>
         <NonKeyValue>FRD-SIGMA 14</NonKeyValue>
      </DomainValue>
      <DomainValue security_classification="Unclassified">
         <KeyValue>FRD-SG-15</KeyValue>
         <Description>FORMERLY RESTRICTED DATA-SIGMA 15</Description>
         <NonKeyValue>FRD-SIGMA 15</NonKeyValue>
      </DomainValue>
      <DomainValue security_classification="Unclassified">
         <KeyValue>DCNI</KeyValue>
         <Description>DOD CONTROLLED NUCLEAR INFORMATION</Description>
         <NonKeyValue>DOD UCNI</NonKeyValue>
      </DomainValue>
      <DomainValue security_classification="Unclassified">
         <KeyValue>ECNI</KeyValue>
         <Description>DOE CONTROLLED NUCLEAR INFORMATION</Description>
         <NonKeyValue>DOE UCNI</NonKeyValue>
      </DomainValue>
      <DomainValue security_classification="Unclassified">
         <KeyValue>EYES</KeyValue>
         <Description>EYES ONLY</Description>
      </DomainValue>
      <DomainValue security_classification="Unclassified">
         <KeyValue>LAC</KeyValue>
         <Description>LACONIC</Description>
      </DomainValue>
      <DomainValue security_classification="Unclassified">
         <KeyValue>FRONTO</KeyValue>
         <Description>FRONTO</Description>
      </DomainValue>
      <DomainValue security_classification="Unclassified">
         <KeyValue>KEYRUT</KeyValue>
         <Description>KEYRUT</Description>
      </DomainValue>
      <DomainValue security_classification="Unclassified">
         <KeyValue>SEABOOT</KeyValue>
         <Description>SEABOOT</Description>
      </DomainValue>
      <DomainValue security_classification="Unclassified">
         <KeyValue>SETTEE</KeyValue>
         <Description>SETTEE</Description>
      </DomainValue>
      <DomainValue security_classification="Unclassified">
         <KeyValue>DSEN</KeyValue>
         <Description>DEA SENSITIVE</Description>
      </DomainValue>
   </DomainValues>
</DomainValueSet>