<?xml version="1.0" encoding="utf-8"?>
<RegistrySubmission xmlns:xsi="http://www.w3.org/2001/XMLSchema-instance" xsi:noNamespaceSchemaLocation="http://diides.ncr.disa.mil/xmlreg/XSD/registry.xsd">

   <Submitter>
      <FirstName>Jim</FirstName>
      <LastName>Greenwood</LastName>
      <CommercialPhone>+1 (703) 676-5038</CommercialPhone>
      <EmailAddress>greenwoodj@saic.com</EmailAddress>
      <OrganizationName>Intelligence Community Metadata Working Group</OrganizationName>
   </Submitter>

   <Package>
      <EffectiveDate>04/30/2004</EffectiveDate>
      <SecurityClassification>UNCLASSIFIED</SecurityClassification>
      <Definition>Intelligence Community Metadata Standards for Information Assurance - Information Security Marking Standard</Definition>
      <Comment>This package consists of the IC ISM XML Entity Set, IC ISM W3C XML Schema (WXS), IC ISM Data Element Dictionary (DED), IC ISM Implementation Guide, Domain Value Documents, XSL stylesheets, and IC ISM attribute definitions.</Comment>
      <Namespace>INT</Namespace>
      <InformationResourceName>IC_ISM_P2</InformationResourceName>
      <InformationResourceVersion>2004-04-30</InformationResourceVersion>
   </Package>

   <Transactions>

      <!-- Reference Documents -->

      <AddTransaction>
         <EffectiveDate>04/30/2004</EffectiveDate>
         <SecurityClassification>UNCLASSIFIED</SecurityClassification>
         <Definition>Intelligence Community Information Security Marking - Data Element Dictionary</Definition>
         <Comment>This DED provides managers and developers formal definitions of the data elements that comprise IC ISM.</Comment>
         <Namespace>INT</Namespace>
         <InformationResourceName>IC_ISM_DED</InformationResourceName>
         <InformationResourceVersion>2004-04-30</InformationResourceVersion>
         <InformationResourceTypeDocument>
            <InformationResourceLocation>IC-ISM-DED-v2.0.doc</InformationResourceLocation>
            <Relationships>
               <IsNewerVersionOf>
                  <Namespace>INT</Namespace>
                  <InformationResourceName>IC_ISM_DED</InformationResourceName>
                  <InformationResourceVersion>1.0</InformationResourceVersion>
               </IsNewerVersionOf>
            </Relationships>
         </InformationResourceTypeDocument>
      </AddTransaction>

      <AddTransaction>
         <EffectiveDate>04/30/2004</EffectiveDate>
         <SecurityClassification>UNCLASSIFIED</SecurityClassification>
         <Definition>Intelligence Community Information Security Marking - Data Element Dictionary</Definition>
         <Comment>This DED provides managers and developers formal definitions of the data elements that comprise IC ISM.</Comment>
         <Namespace>INT</Namespace>
         <InformationResourceName>IC_ISM_DED_PDF</InformationResourceName>
         <InformationResourceVersion>2004-04-30</InformationResourceVersion>
         <InformationResourceTypeDocument>
            <InformationResourceLocation>IC-ISM-DED-v2.0.pdf</InformationResourceLocation>
         </InformationResourceTypeDocument>
      </AddTransaction>

      <AddTransaction>
         <EffectiveDate>04/30/2004</EffectiveDate>
         <SecurityClassification>UNCLASSIFIED</SecurityClassification>
         <Definition>Intelligence Community Information Security Marking - Implementation Guide</Definition>
         <Comment>This guide serves to instruct managers and developers on the processes and methods required to adhere to this standard in the collaborative and collateral shared spaces defined by the IC System for Information Sharing (ICSIS), and on implementing and extending this standard to meet organization-specific needs.</Comment>
         <Namespace>INT</Namespace>
         <InformationResourceName>IC_ISM_Implementation_Guide</InformationResourceName>
         <InformationResourceVersion>2004-04-30</InformationResourceVersion>
         <InformationResourceTypeDocument>
            <InformationResourceLocation>IC-ISM-Implementation-Guide-v2.0.doc</InformationResourceLocation>
         </InformationResourceTypeDocument>
      </AddTransaction>

      <AddTransaction>
         <EffectiveDate>04/30/2004</EffectiveDate>
         <SecurityClassification>UNCLASSIFIED</SecurityClassification>
         <Definition>Intelligence Community Information Security Marking - Implementation Guide</Definition>
         <Comment>This guide serves to instruct managers and developers on the processes and methods required to adhere to this standard in the collaborative and collateral shared spaces defined by the IC System for Information Sharing (ICSIS), and on implementing and extending this standard to meet organization-specific needs.</Comment>
         <Namespace>INT</Namespace>
         <InformationResourceName>IC_ISM_Implementation_Guide_PDF</InformationResourceName>
         <InformationResourceVersion>2004-04-30</InformationResourceVersion>
         <InformationResourceTypeDocument>
            <InformationResourceLocation>IC-ISM-Implementation-Guide-v2.0.pdf</InformationResourceLocation>
         </InformationResourceTypeDocument>
      </AddTransaction>

      <!-- W3C XML Schemas -->

      <AddTransaction>
         <EffectiveDate>04/30/2004</EffectiveDate>
         <SecurityClassification>UNCLASSIFIED</SecurityClassification>
         <Definition>IC ISM W3C XML Schema</Definition>
         <Comment>XML attribute groups used to incorporate the IC ISM XML attributes into schemas.  This schema may be included in any Intelligence Community schema that requires CAPCO-based security markup.  References to these attribute groups may be inserted into a complex type definition in order to include the names, declared values, and default values of the IC ISM attributes into the attribute list of any XML element.</Comment>
         <Namespace>INT</Namespace>
         <InformationResourceName>IC_ISM_WXS</InformationResourceName>
         <InformationResourceVersion>2004-04-30</InformationResourceVersion>
         <InformationResourceTypeXMLschema schemaType="XSD">
            <InformationResourceLocation>IC-ISM-v2.xsd</InformationResourceLocation>
         </InformationResourceTypeXMLschema>
      </AddTransaction>

      <!-- Entity Sets -->

      <AddTransaction>
         <EffectiveDate>04/30/2004</EffectiveDate>
         <SecurityClassification>UNCLASSIFIED</SecurityClassification>
         <Definition>IC ISM XML Entity Set</Definition>
         <Comment>XML parameter entities used to incorporate the IC ISM XML attributes into document type definitions.  This entity set may be declared as a parameter entity and included in any Intelligence Community DTD that requires CAPCO-based security markup.  References to these entities may be inserted into an XML attribute definition list in order to include the names, declared values, and default values of the IC ISM attributes into the attribute definition list of any XML element.</Comment>
         <Namespace>INT</Namespace>
         <InformationResourceName>IC_ISM_DTD_Entities</InformationResourceName>
         <InformationResourceVersion>2004-04-30</InformationResourceVersion>
         <InformationResourceTypeXMLschema schemaType="DTD">
            <InformationResourceLocation>IC-ISM-v2.ent</InformationResourceLocation>
            <Relationships>
               <IsNewerVersionOf>
                  <Namespace>INT</Namespace>
                  <InformationResourceName>IC_ISM_DTD_Entities</InformationResourceName>
                  <InformationResourceVersion>1.0</InformationResourceVersion>
               </IsNewerVersionOf>
            </Relationships>
         </InformationResourceTypeXMLschema>
      </AddTransaction>

      <!-- Domain Value Sets -->

      <AddTransaction>
         <EffectiveDate>04/30/2004</EffectiveDate>
         <SecurityClassification>UNCLASSIFIED</SecurityClassification>
         <Definition>One or more exceptions to the nominal 25-year point for automatic declassification</Definition>
         <Namespace>INT</Namespace>
         <InformationResourceName>IC_ISM_declassException</InformationResourceName>
         <InformationResourceVersion>2004-04-30</InformationResourceVersion>
         <InformationResourceTypeDomainDocument>
            <InformationResourceLocation>IC-ISM-declassException.xml</InformationResourceLocation>
         </InformationResourceTypeDomainDocument>
      </AddTransaction>

      <AddTransaction>
         <EffectiveDate>04/30/2004</EffectiveDate>
         <SecurityClassification>UNCLASSIFIED</SecurityClassification>
         <Definition>Controls which identify the expansion or limitation on the distribution of information</Definition>
         <Namespace>INT</Namespace>
         <InformationResourceName>IC_ISM_disseminationControls</InformationResourceName>
         <InformationResourceVersion>2004-04-30</InformationResourceVersion>
         <InformationResourceTypeDomainDocument>
            <InformationResourceLocation>IC-ISM-disseminationControls.xml</InformationResourceLocation>
            <Relationships>
               <IsNewerVersionOf>
                  <Namespace>INT</Namespace>
                  <InformationResourceName>IC_ISM_disseminationControls</InformationResourceName>
                  <InformationResourceVersion>1.0</InformationResourceVersion>
               </IsNewerVersionOf>
            </Relationships>
         </InformationResourceTypeDomainDocument>
      </AddTransaction>

      <AddTransaction>
         <EffectiveDate>04/30/2004</EffectiveDate>
         <SecurityClassification>UNCLASSIFIED</SecurityClassification>
         <Definition>Information security classification markings for classified information originating from non-intelligence components of the US Department of Defense or the US Department of Energy</Definition>
         <Namespace>INT</Namespace>
         <InformationResourceName>IC_ISM_nonICmarkings</InformationResourceName>
         <InformationResourceVersion>2004-04-30</InformationResourceVersion>
         <InformationResourceTypeDomainDocument>
            <InformationResourceLocation>IC-ISM-nonICmarkings.xml</InformationResourceLocation>
            <Relationships>
               <IsNewerVersionOf>
                  <Namespace>INT</Namespace>
                  <InformationResourceName>IC_ISM_nonICmarkings</InformationResourceName>
                  <InformationResourceVersion>1.0</InformationResourceVersion>
               </IsNewerVersionOf>
            </Relationships>
         </InformationResourceTypeDomainDocument>
      </AddTransaction>

      <AddTransaction>
         <EffectiveDate>04/30/2004</EffectiveDate>
         <SecurityClassification>UNCLASSIFIED</SecurityClassification>
         <Definition>CAPCO-authorized abbreviations for sensitive compartmented information control system(s)</Definition>
         <Namespace>INT</Namespace>
         <InformationResourceName>IC_ISM_SCIcontrols</InformationResourceName>
         <InformationResourceVersion>2004-04-30</InformationResourceVersion>
         <InformationResourceTypeDomainDocument>
            <InformationResourceLocation>IC-ISM-SCIcontrols.xml</InformationResourceLocation>
            <Relationships>
               <IsNewerVersionOf>
                  <Namespace>INT</Namespace>
                  <InformationResourceName>IC_ISM_SCIcontrols</InformationResourceName>
                  <InformationResourceVersion>1.0</InformationResourceVersion>
               </IsNewerVersionOf>
            </Relationships>
         </InformationResourceTypeDomainDocument>
      </AddTransaction>

      <AddTransaction>
         <EffectiveDate>04/30/2004</EffectiveDate>
         <SecurityClassification>UNCLASSIFIED</SecurityClassification>
         <Definition>A declassification marking of a source document that causes the current, derivative document to be exempted from automatic declassification</Definition>
         <Namespace>INT</Namespace>
         <InformationResourceName>IC_ISM_typeOfExemptedSource</InformationResourceName>
         <InformationResourceVersion>2004-04-30</InformationResourceVersion>
         <InformationResourceTypeDomainDocument>
            <InformationResourceLocation>IC-ISM-typeOfExemptedSource.xml</InformationResourceLocation>
         </InformationResourceTypeDomainDocument>
      </AddTransaction>

      <!-- XSL Stylesheets -->

      <AddTransaction>
         <EffectiveDate>04/30/2004</EffectiveDate>
         <SecurityClassification>UNCLASSIFIED</SecurityClassification>
         <Definition>IC ISM Portion Marking Stylesheet</Definition>
         <Comment>This stylesheet renders security portion markings based on IC ISM security attributes.</Comment>
         <Namespace>INT</Namespace>
         <InformationResourceName>IC_ISM_portionMark</InformationResourceName>
         <InformationResourceVersion>2004-04-30</InformationResourceVersion>
         <InformationResourceTypeXSLStylesheet>
            <InformationResourceLocation>IC-ISM-PortionMark-v2.0.xsl</InformationResourceLocation>
         </InformationResourceTypeXSLStylesheet>
      </AddTransaction>

      <AddTransaction>
         <EffectiveDate>04/30/2004</EffectiveDate>
         <SecurityClassification>UNCLASSIFIED</SecurityClassification>
         <Definition>IC ISM Security Banner Stylesheet</Definition>
         <Comment>This stylesheet renders security banner markings based on IC ISM security attributes.</Comment>
         <Namespace>INT</Namespace>
         <InformationResourceName>IC_ISM_securityBanner</InformationResourceName>
         <InformationResourceVersion>2004-04-30</InformationResourceVersion>
         <InformationResourceTypeXSLStylesheet>
            <InformationResourceLocation>IC-ISM-SecurityBanner-v2.0.xsl</InformationResourceLocation>
         </InformationResourceTypeXSLStylesheet>
      </AddTransaction>

      <AddTransaction>
         <EffectiveDate>04/30/2004</EffectiveDate>
         <SecurityClassification>UNCLASSIFIED</SecurityClassification>
         <Definition>IC ISM Classification/Declassification Block Stylesheet</Definition>
         <Comment>This stylesheet renders EO 12958 Classification/Declassification Blocks based on IC ISM security attributes.</Comment>
         <Namespace>INT</Namespace>
         <InformationResourceName>IC_ISM_classDeclass</InformationResourceName>
         <InformationResourceVersion>2004-04-30</InformationResourceVersion>
         <InformationResourceTypeXSLStylesheet>
            <InformationResourceLocation>IC-ISM-ClassDeclass-v2.0.xsl</InformationResourceLocation>
         </InformationResourceTypeXSLStylesheet>
      </AddTransaction>

      <!-- XML Attribute Definitions -->

      <AddTransaction>
         <EffectiveDate>04/30/2004</EffectiveDate>
         <SecurityClassification>UNCLASSIFIED</SecurityClassification>
         <Definition>Highest level of classification applicable to an information resource or portion within the domain of classified national security information</Definition>
         <Comment>This data element is always used in conjunction with the "ownerProducer" data element. Taken together, the two elements specify the classification category and the type of classification (US, non-US, or joint).</Comment>
         <Namespace>INT</Namespace>
         <InformationResourceName>classification</InformationResourceName>
         <InformationResourceVersion>2004-04-30</InformationResourceVersion>
         <InformationResourceTypeXMLAttribute>
            <DataTypeString>
               <StringLength>8</StringLength>
            </DataTypeString>
            <Relationships>
               <IsNewerVersionOf>
                  <Namespace>INT</Namespace>
                  <InformationResourceName>classification</InformationResourceName>
                  <InformationResourceVersion>1.0</InformationResourceVersion>
               </IsNewerVersionOf>
               <DescribedBy>
                  <Namespace>INT</Namespace>
                  <InformationResourceName>IC_ISM_DED</InformationResourceName>
                  <InformationResourceVersion>2004-04-30</InformationResourceVersion>
               </DescribedBy>
               <DescribedBy>
                  <Namespace>INT</Namespace>
                  <InformationResourceName>IC_ISM_DED_PDF</InformationResourceName>
                  <InformationResourceVersion>2004-04-30</InformationResourceVersion>
               </DescribedBy>
               <DescribedBy>
                  <Namespace>INT</Namespace>
                  <InformationResourceName>IC_ISM_Implementation_Guide</InformationResourceName>
                  <InformationResourceVersion>2004-04-30</InformationResourceVersion>
               </DescribedBy>
               <DescribedBy>
                  <Namespace>INT</Namespace>
                  <InformationResourceName>IC_ISM_Implementation_Guide_PDF</InformationResourceName>
                  <InformationResourceVersion>2004-04-30</InformationResourceVersion>
               </DescribedBy>
            </Relationships>
         </InformationResourceTypeXMLAttribute>
      </AddTransaction>

      <AddTransaction>
         <EffectiveDate>04/30/2004</EffectiveDate>
         <SecurityClassification>UNCLASSIFIED</SecurityClassification>
         <Definition>The basis for an original classification decision</Definition>
         <Comment>The attribute value may be a citation of one or more of the subparagraphs 1.4(a) through 1.4(h) of EO 12958 Amended, or other explanatory text.</Comment>
         <Namespace>INT</Namespace>
         <InformationResourceName>classificationReason</InformationResourceName>
         <InformationResourceVersion>2004-04-30</InformationResourceVersion>
         <InformationResourceTypeXMLAttribute>
            <DataTypeString>
               <StringLength>256</StringLength>
            </DataTypeString>
            <Relationships>
               <DescribedBy>
                  <Namespace>INT</Namespace>
                  <InformationResourceName>IC_ISM_DED</InformationResourceName>
                  <InformationResourceVersion>2004-04-30</InformationResourceVersion>
               </DescribedBy>
               <DescribedBy>
                  <Namespace>INT</Namespace>
                  <InformationResourceName>IC_ISM_DED_PDF</InformationResourceName>
                  <InformationResourceVersion>2004-04-30</InformationResourceVersion>
               </DescribedBy>
               <DescribedBy>
                  <Namespace>INT</Namespace>
                  <InformationResourceName>IC_ISM_Implementation_Guide</InformationResourceName>
                  <InformationResourceVersion>2004-04-30</InformationResourceVersion>
               </DescribedBy>
               <DescribedBy>
                  <Namespace>INT</Namespace>
                  <InformationResourceName>IC_ISM_Implementation_Guide_PDF</InformationResourceName>
                  <InformationResourceVersion>2004-04-30</InformationResourceVersion>
               </DescribedBy>
            </Relationships>
         </InformationResourceTypeXMLAttribute>
      </AddTransaction>

      <AddTransaction>
         <EffectiveDate>04/30/2004</EffectiveDate>
         <SecurityClassification>UNCLASSIFIED</SecurityClassification>
         <Definition>The identity, by name or personal identifier, and position title of the original classification authority for a resource</Definition>
         <Namespace>INT</Namespace>
         <InformationResourceName>classifiedBy</InformationResourceName>
         <InformationResourceVersion>2004-04-30</InformationResourceVersion>
         <InformationResourceTypeXMLAttribute>
            <DataTypeString>
               <StringLength>256</StringLength>
            </DataTypeString>
            <Relationships>
               <DescribedBy>
                  <Namespace>INT</Namespace>
                  <InformationResourceName>IC_ISM_DED</InformationResourceName>
                  <InformationResourceVersion>2004-04-30</InformationResourceVersion>
               </DescribedBy>
               <DescribedBy>
                  <Namespace>INT</Namespace>
                  <InformationResourceName>IC_ISM_DED_PDF</InformationResourceName>
                  <InformationResourceVersion>2004-04-30</InformationResourceVersion>
               </DescribedBy>
               <DescribedBy>
                  <Namespace>INT</Namespace>
                  <InformationResourceName>IC_ISM_Implementation_Guide</InformationResourceName>
                  <InformationResourceVersion>2004-04-30</InformationResourceVersion>
               </DescribedBy>
               <DescribedBy>
                  <Namespace>INT</Namespace>
                  <InformationResourceName>IC_ISM_Implementation_Guide_PDF</InformationResourceName>
                  <InformationResourceVersion>2004-04-30</InformationResourceVersion>
               </DescribedBy>
            </Relationships>
         </InformationResourceTypeXMLAttribute>
      </AddTransaction>

      <AddTransaction>
         <EffectiveDate>04/30/2004</EffectiveDate>
         <SecurityClassification>UNCLASSIFIED</SecurityClassification>
         <Definition>The year, month and day of publication or release of a source document, or the most recent source document, that was itself marked with a declassification constraint of OADR or X1 through X8</Definition>
         <Comment>"typeOfExemptedSource" and "dateOfExemptedSource" are used together to produce the "Declassify On" value in a classification/declassification block. If the value of "typeOfExemptedSource" is "OADR," the value of "dateOfExemptedSource" must not be later than 1995-10-14. If the value of "typeOfExemptedSource" is any of "X1" through "X8," the value of "dateOfExemptedSource" must not be later than 2003-09-22.</Comment>
         <Namespace>INT</Namespace>
         <InformationResourceName>dateOfExemptedSource</InformationResourceName>
         <InformationResourceVersion>2004-04-30</InformationResourceVersion>
         <InformationResourceTypeXMLAttribute>
            <DataTypeString>
               <StringLength>10</StringLength>
            </DataTypeString>
            <Relationships>
               <DescribedBy>
                  <Namespace>INT</Namespace>
                  <InformationResourceName>IC_ISM_DED</InformationResourceName>
                  <InformationResourceVersion>2004-04-30</InformationResourceVersion>
               </DescribedBy>
               <DescribedBy>
                  <Namespace>INT</Namespace>
                  <InformationResourceName>IC_ISM_DED_PDF</InformationResourceName>
                  <InformationResourceVersion>2004-04-30</InformationResourceVersion>
               </DescribedBy>
               <DescribedBy>
                  <Namespace>INT</Namespace>
                  <InformationResourceName>IC_ISM_Implementation_Guide</InformationResourceName>
                  <InformationResourceVersion>2004-04-30</InformationResourceVersion>
               </DescribedBy>
               <DescribedBy>
                  <Namespace>INT</Namespace>
                  <InformationResourceName>IC_ISM_Implementation_Guide_PDF</InformationResourceName>
                  <InformationResourceVersion>2004-04-30</InformationResourceVersion>
               </DescribedBy>
            </Relationships>
         </InformationResourceTypeXMLAttribute>
      </AddTransaction>

      <AddTransaction>
         <EffectiveDate>04/30/2004</EffectiveDate>
         <SecurityClassification>UNCLASSIFIED</SecurityClassification>
         <Definition>A specific year, month and day for declassification, based on the duration of the national security sensitivity of the information, upon the occurrence of which the information shall be automatically declassified</Definition>
         <Comment>For XML DTD implementations, the datatype is NMTOKEN.</Comment>
         <Namespace>INT</Namespace>
         <InformationResourceName>declassDate</InformationResourceName>
         <InformationResourceVersion>2004-04-30</InformationResourceVersion>
         <InformationResourceTypeXMLAttribute>
            <DataTypeString>
               <StringLength>10</StringLength>
            </DataTypeString>
            <Relationships>
               <DescribedBy>
                  <Namespace>INT</Namespace>
                  <InformationResourceName>IC_ISM_DED</InformationResourceName>
                  <InformationResourceVersion>2004-04-30</InformationResourceVersion>
               </DescribedBy>
               <DescribedBy>
                  <Namespace>INT</Namespace>
                  <InformationResourceName>IC_ISM_DED_PDF</InformationResourceName>
                  <InformationResourceVersion>2004-04-30</InformationResourceVersion>
               </DescribedBy>
               <DescribedBy>
                  <Namespace>INT</Namespace>
                  <InformationResourceName>IC_ISM_Implementation_Guide</InformationResourceName>
                  <InformationResourceVersion>2004-04-30</InformationResourceVersion>
               </DescribedBy>
               <DescribedBy>
                  <Namespace>INT</Namespace>
                  <InformationResourceName>IC_ISM_Implementation_Guide_PDF</InformationResourceName>
                  <InformationResourceVersion>2004-04-30</InformationResourceVersion>
               </DescribedBy>
            </Relationships>
         </InformationResourceTypeXMLAttribute>
      </AddTransaction>

      <AddTransaction>
         <EffectiveDate>04/30/2004</EffectiveDate>
         <SecurityClassification>UNCLASSIFIED</SecurityClassification>
         <Definition>A description of an event for declassification, based upon the duration of the national security sensitivity of the information, upon the occurrence of which the information shall be automatically declassified</Definition>
         <Namespace>INT</Namespace>
         <InformationResourceName>declassEvent</InformationResourceName>
         <InformationResourceVersion>2004-04-30</InformationResourceVersion>
         <InformationResourceTypeXMLAttribute>
            <DataTypeString>
               <StringLength>256</StringLength>
            </DataTypeString>
            <Relationships>
               <DescribedBy>
                  <Namespace>INT</Namespace>
                  <InformationResourceName>IC_ISM_DED</InformationResourceName>
                  <InformationResourceVersion>2004-04-30</InformationResourceVersion>
               </DescribedBy>
               <DescribedBy>
                  <Namespace>INT</Namespace>
                  <InformationResourceName>IC_ISM_DED_PDF</InformationResourceName>
                  <InformationResourceVersion>2004-04-30</InformationResourceVersion>
               </DescribedBy>
               <DescribedBy>
                  <Namespace>INT</Namespace>
                  <InformationResourceName>IC_ISM_Implementation_Guide</InformationResourceName>
                  <InformationResourceVersion>2004-04-30</InformationResourceVersion>
               </DescribedBy>
               <DescribedBy>
                  <Namespace>INT</Namespace>
                  <InformationResourceName>IC_ISM_Implementation_Guide_PDF</InformationResourceName>
                  <InformationResourceVersion>2004-04-30</InformationResourceVersion>
               </DescribedBy>
            </Relationships>
         </InformationResourceTypeXMLAttribute>
      </AddTransaction>

      <AddTransaction>
         <EffectiveDate>04/30/2004</EffectiveDate>
         <SecurityClassification>UNCLASSIFIED</SecurityClassification>
         <Definition>One or more exceptions to the nominal 25-year point for automatic declassification</Definition>
         <Namespace>INT</Namespace>
         <InformationResourceName>declassException</InformationResourceName>
         <InformationResourceVersion>2004-04-30</InformationResourceVersion>
         <InformationResourceTypeXMLAttribute>
            <DataTypeString>
               <StringLength>55</StringLength>
            </DataTypeString>
            <Relationships>
               <IsConstrainedByDomain>
                  <Namespace>INT</Namespace>
                  <InformationResourceName>IC_ISM_declassException</InformationResourceName>
                  <InformationResourceVersion>2004-04-30</InformationResourceVersion>
               </IsConstrainedByDomain>
               <DescribedBy>
                  <Namespace>INT</Namespace>
                  <InformationResourceName>IC_ISM_DED</InformationResourceName>
                  <InformationResourceVersion>2004-04-30</InformationResourceVersion>
               </DescribedBy>
               <DescribedBy>
                  <Namespace>INT</Namespace>
                  <InformationResourceName>IC_ISM_DED_PDF</InformationResourceName>
                  <InformationResourceVersion>2004-04-30</InformationResourceVersion>
               </DescribedBy>
               <DescribedBy>
                  <Namespace>INT</Namespace>
                  <InformationResourceName>IC_ISM_Implementation_Guide</InformationResourceName>
                  <InformationResourceVersion>2004-04-30</InformationResourceVersion>
               </DescribedBy>
               <DescribedBy>
                  <Namespace>INT</Namespace>
                  <InformationResourceName>IC_ISM_Implementation_Guide_PDF</InformationResourceName>
                  <InformationResourceVersion>2004-04-30</InformationResourceVersion>
               </DescribedBy>
            </Relationships>
         </InformationResourceTypeXMLAttribute>
      </AddTransaction>

      <AddTransaction>
         <EffectiveDate>04/30/2004</EffectiveDate>
         <SecurityClassification>UNCLASSIFIED</SecurityClassification>
         <Definition>An indication of a requirement for manual review prior to declassification, over and above the usual programmatic determinations</Definition>
         <Comment>The usual programmatic determinations of a requirement for manual review are based on the presence of (a) FGI, RD or FRD; (b) joint or non-US classifications; (c) the declassification restriction 25X1-human; (d) a document which is classified derivatively either from a source document(s) or a classification guide that contains the declassification instruction OADR or X1 thru X8; or (e) an event-triggered declassification. "declassManualReview" is used only to indicate a requirement for manual review over and above the usual programmatic determinations. In XML DTD implementations, the datatype is a name token group consisting of the tokens "true" and "false."</Comment>
         <Namespace>INT</Namespace>
         <InformationResourceName>declassManualReview</InformationResourceName>
         <InformationResourceVersion>2004-04-30</InformationResourceVersion>
         <InformationResourceTypeXMLAttribute>
            <DataTypeString>
               <StringLength>5</StringLength>
            </DataTypeString>
            <Relationships>
               <DescribedBy>
                  <Namespace>INT</Namespace>
                  <InformationResourceName>IC_ISM_DED</InformationResourceName>
                  <InformationResourceVersion>2004-04-30</InformationResourceVersion>
               </DescribedBy>
               <DescribedBy>
                  <Namespace>INT</Namespace>
                  <InformationResourceName>IC_ISM_DED_PDF</InformationResourceName>
                  <InformationResourceVersion>2004-04-30</InformationResourceVersion>
               </DescribedBy>
               <DescribedBy>
                  <Namespace>INT</Namespace>
                  <InformationResourceName>IC_ISM_Implementation_Guide</InformationResourceName>
                  <InformationResourceVersion>2004-04-30</InformationResourceVersion>
               </DescribedBy>
               <DescribedBy>
                  <Namespace>INT</Namespace>
                  <InformationResourceName>IC_ISM_Implementation_Guide_PDF</InformationResourceName>
                  <InformationResourceVersion>2004-04-30</InformationResourceVersion>
               </DescribedBy>
            </Relationships>
         </InformationResourceTypeXMLAttribute>
      </AddTransaction>

      <AddTransaction>
         <EffectiveDate>04/30/2004</EffectiveDate>
         <SecurityClassification>UNCLASSIFIED</SecurityClassification>
         <Definition>A citation of the authoritative source or reference to multiple sources of the classification markings used in a resource</Definition>
         <Comment>Specify: (a) the title and date of an approved classification guide, (b) the title and date of a specific source reference, or (c) the literal string "Multiple Sources". This element does not apply to UNCLASSIFIED products.</Comment>
         <Namespace>INT</Namespace>
         <InformationResourceName>derivedFrom</InformationResourceName>
         <InformationResourceVersion>2004-04-30</InformationResourceVersion>
         <InformationResourceTypeXMLAttribute>
            <DataTypeString>
               <StringLength>256</StringLength>
            </DataTypeString>
            <Relationships>
               <IsNewerVersionOf>
                  <Namespace>INT</Namespace>
                  <InformationResourceName>derivedFrom</InformationResourceName>
                  <InformationResourceVersion>1.0</InformationResourceVersion>
               </IsNewerVersionOf>
               <DescribedBy>
                  <Namespace>INT</Namespace>
                  <InformationResourceName>IC_ISM_DED</InformationResourceName>
                  <InformationResourceVersion>2004-04-30</InformationResourceVersion>
               </DescribedBy>
               <DescribedBy>
                  <Namespace>INT</Namespace>
                  <InformationResourceName>IC_ISM_DED_PDF</InformationResourceName>
                  <InformationResourceVersion>2004-04-30</InformationResourceVersion>
               </DescribedBy>
               <DescribedBy>
                  <Namespace>INT</Namespace>
                  <InformationResourceName>IC_ISM_Implementation_Guide</InformationResourceName>
                  <InformationResourceVersion>2004-04-30</InformationResourceVersion>
               </DescribedBy>
               <DescribedBy>
                  <Namespace>INT</Namespace>
                  <InformationResourceName>IC_ISM_Implementation_Guide_PDF</InformationResourceName>
                  <InformationResourceVersion>2004-04-30</InformationResourceVersion>
               </DescribedBy>
            </Relationships>
         </InformationResourceTypeXMLAttribute>
      </AddTransaction>

      <AddTransaction>
         <EffectiveDate>04/30/2004</EffectiveDate>
         <SecurityClassification>UNCLASSIFIED</SecurityClassification>
         <Definition>Controls which identify the expansion or limitation on the distribution of information</Definition>
         <Namespace>INT</Namespace>
         <InformationResourceName>disseminationControls</InformationResourceName>
         <InformationResourceVersion>2004-04-30</InformationResourceVersion>
         <InformationResourceTypeXMLAttribute>
            <DataTypeString>
               <StringLength>256</StringLength>
            </DataTypeString>
            <Relationships>
               <IsNewerVersionOf>
                  <Namespace>INT</Namespace>
                  <InformationResourceName>disseminationControls</InformationResourceName>
                  <InformationResourceVersion>1.0</InformationResourceVersion>
               </IsNewerVersionOf>
               <IsConstrainedByDomain>
                  <Namespace>INT</Namespace>
                  <InformationResourceName>IC_ISM_disseminationControls</InformationResourceName>
                  <InformationResourceVersion>2004-04-30</InformationResourceVersion>
               </IsConstrainedByDomain>
               <DescribedBy>
                  <Namespace>INT</Namespace>
                  <InformationResourceName>IC_ISM_DED</InformationResourceName>
                  <InformationResourceVersion>2004-04-30</InformationResourceVersion>
               </DescribedBy>
               <DescribedBy>
                  <Namespace>INT</Namespace>
                  <InformationResourceName>IC_ISM_DED_PDF</InformationResourceName>
                  <InformationResourceVersion>2004-04-30</InformationResourceVersion>
               </DescribedBy>
               <DescribedBy>
                  <Namespace>INT</Namespace>
                  <InformationResourceName>IC_ISM_Implementation_Guide</InformationResourceName>
                  <InformationResourceVersion>2004-04-30</InformationResourceVersion>
               </DescribedBy>
               <DescribedBy>
                  <Namespace>INT</Namespace>
                  <InformationResourceName>IC_ISM_Implementation_Guide_PDF</InformationResourceName>
                  <InformationResourceVersion>2004-04-30</InformationResourceVersion>
               </DescribedBy>
            </Relationships>
         </InformationResourceTypeXMLAttribute>
      </AddTransaction>

      <AddTransaction>
         <EffectiveDate>04/30/2004</EffectiveDate>
         <SecurityClassification>UNCLASSIFIED</SecurityClassification>
         <Definition>Specification of the foreign country or countries and/or registered international organization(s) that are the disclosable owner(s) and/or producer(s) of information included in a US or joint document</Definition>
         <Comment>CAPCO guidelines state that "any one portion of a document shall not contain FGI from more than one country". Therefore, at the portion level, this element should have only a single value.</Comment>
         <Namespace>INT</Namespace>
         <InformationResourceName>FGIsourceOpen</InformationResourceName>
         <InformationResourceVersion>2004-04-30</InformationResourceVersion>
         <InformationResourceTypeXMLAttribute>
            <DataTypeString>
               <StringLength>256</StringLength>
            </DataTypeString>
            <Relationships>
               <IsNewerVersionOf>
                  <Namespace>INT</Namespace>
                  <InformationResourceName>FGIsourceOpen</InformationResourceName>
                  <InformationResourceVersion>1.0</InformationResourceVersion>
               </IsNewerVersionOf>
               <DescribedBy>
                  <Namespace>INT</Namespace>
                  <InformationResourceName>IC_ISM_DED</InformationResourceName>
                  <InformationResourceVersion>2004-04-30</InformationResourceVersion>
               </DescribedBy>
               <DescribedBy>
                  <Namespace>INT</Namespace>
                  <InformationResourceName>IC_ISM_DED_PDF</InformationResourceName>
                  <InformationResourceVersion>2004-04-30</InformationResourceVersion>
               </DescribedBy>
               <DescribedBy>
                  <Namespace>INT</Namespace>
                  <InformationResourceName>IC_ISM_Implementation_Guide</InformationResourceName>
                  <InformationResourceVersion>2004-04-30</InformationResourceVersion>
               </DescribedBy>
               <DescribedBy>
                  <Namespace>INT</Namespace>
                  <InformationResourceName>IC_ISM_Implementation_Guide_PDF</InformationResourceName>
                  <InformationResourceVersion>2004-04-30</InformationResourceVersion>
               </DescribedBy>
            </Relationships>
         </InformationResourceTypeXMLAttribute>
      </AddTransaction>

      <AddTransaction>
         <EffectiveDate>04/30/2004</EffectiveDate>
         <SecurityClassification>UNCLASSIFIED</SecurityClassification>
         <Definition>Specification of the foreign country or countries and/or registered international organization(s) that are the non-disclosable owner(s) and/or producer(s) of information included in a US or joint document</Definition>
         <Comment>CAPCO guidelines state that "any one portion of a resource shall not contain FGI from more than one country". Therefore, at the portion level, this element should have only a single value. Since the value of this element specifies non-disclosable owners and/or producers, additional measures must be taken to exclude knowledge of them from the resource prior to dissemination.</Comment>
         <Namespace>INT</Namespace>
         <InformationResourceName>FGIsourceProtected</InformationResourceName>
         <InformationResourceVersion>2004-04-30</InformationResourceVersion>
         <InformationResourceTypeXMLAttribute>
            <DataTypeString>
               <StringLength>256</StringLength>
            </DataTypeString>
            <Relationships>
               <IsNewerVersionOf>
                  <Namespace>INT</Namespace>
                  <InformationResourceName>FGIsourceProtected</InformationResourceName>
                  <InformationResourceVersion>1.0</InformationResourceVersion>
               </IsNewerVersionOf>
               <DescribedBy>
                  <Namespace>INT</Namespace>
                  <InformationResourceName>IC_ISM_DED</InformationResourceName>
                  <InformationResourceVersion>2004-04-30</InformationResourceVersion>
               </DescribedBy>
               <DescribedBy>
                  <Namespace>INT</Namespace>
                  <InformationResourceName>IC_ISM_DED_PDF</InformationResourceName>
                  <InformationResourceVersion>2004-04-30</InformationResourceVersion>
               </DescribedBy>
               <DescribedBy>
                  <Namespace>INT</Namespace>
                  <InformationResourceName>IC_ISM_Implementation_Guide</InformationResourceName>
                  <InformationResourceVersion>2004-04-30</InformationResourceVersion>
               </DescribedBy>
               <DescribedBy>
                  <Namespace>INT</Namespace>
                  <InformationResourceName>IC_ISM_Implementation_Guide_PDF</InformationResourceName>
                  <InformationResourceVersion>2004-04-30</InformationResourceVersion>
               </DescribedBy>
            </Relationships>
         </InformationResourceTypeXMLAttribute>
      </AddTransaction>

      <AddTransaction>
         <EffectiveDate>04/30/2004</EffectiveDate>
         <SecurityClassification>UNCLASSIFIED</SecurityClassification>
         <Definition>Information security classification markings for classified information originating from non-intelligence components of the US Department of Defense or the US Department of Energy</Definition>
         <Namespace>INT</Namespace>
         <InformationResourceName>nonICmarkings</InformationResourceName>
         <InformationResourceVersion>2004-04-30</InformationResourceVersion>
         <InformationResourceTypeXMLAttribute>
            <DataTypeString>
               <StringLength>33</StringLength>
            </DataTypeString>
            <Relationships>
               <IsNewerVersionOf>
                  <Namespace>INT</Namespace>
                  <InformationResourceName>nonICmarkings</InformationResourceName>
                  <InformationResourceVersion>1.0</InformationResourceVersion>
               </IsNewerVersionOf>
               <IsConstrainedByDomain>
                  <Namespace>INT</Namespace>
                  <InformationResourceName>IC_ISM_nonICmarkings</InformationResourceName>
                  <InformationResourceVersion>2004-04-30</InformationResourceVersion>
               </IsConstrainedByDomain>
               <DescribedBy>
                  <Namespace>INT</Namespace>
                  <InformationResourceName>IC_ISM_DED</InformationResourceName>
                  <InformationResourceVersion>2004-04-30</InformationResourceVersion>
               </DescribedBy>
               <DescribedBy>
                  <Namespace>INT</Namespace>
                  <InformationResourceName>IC_ISM_DED_PDF</InformationResourceName>
                  <InformationResourceVersion>2004-04-30</InformationResourceVersion>
               </DescribedBy>
               <DescribedBy>
                  <Namespace>INT</Namespace>
                  <InformationResourceName>IC_ISM_Implementation_Guide</InformationResourceName>
                  <InformationResourceVersion>2004-04-30</InformationResourceVersion>
               </DescribedBy>
               <DescribedBy>
                  <Namespace>INT</Namespace>
                  <InformationResourceName>IC_ISM_Implementation_Guide_PDF</InformationResourceName>
                  <InformationResourceVersion>2004-04-30</InformationResourceVersion>
               </DescribedBy>
            </Relationships>
         </InformationResourceTypeXMLAttribute>
      </AddTransaction>

      <AddTransaction>
         <EffectiveDate>04/30/2004</EffectiveDate>
         <SecurityClassification>UNCLASSIFIED</SecurityClassification>
         <Definition>The national government or international organization owner(s) and/or producer(s) of a resource</Definition>
         <Comment>This data element is always used in conjunction with the "classification" data element. Taken together, the two elements specify the classification category and the type of classification (US, non-US, or joint).</Comment>
         <Namespace>INT</Namespace>
         <InformationResourceName>ownerProducer</InformationResourceName>
         <InformationResourceVersion>2004-04-30</InformationResourceVersion>
         <InformationResourceTypeXMLAttribute>
            <DataTypeString>
               <StringLength>256</StringLength>
            </DataTypeString>
            <Relationships>
               <DescribedBy>
                  <Namespace>INT</Namespace>
                  <InformationResourceName>IC_ISM_DED</InformationResourceName>
                  <InformationResourceVersion>2004-04-30</InformationResourceVersion>
               </DescribedBy>
               <DescribedBy>
                  <Namespace>INT</Namespace>
                  <InformationResourceName>IC_ISM_DED_PDF</InformationResourceName>
                  <InformationResourceVersion>2004-04-30</InformationResourceVersion>
               </DescribedBy>
               <DescribedBy>
                  <Namespace>INT</Namespace>
                  <InformationResourceName>IC_ISM_Implementation_Guide</InformationResourceName>
                  <InformationResourceVersion>2004-04-30</InformationResourceVersion>
               </DescribedBy>
               <DescribedBy>
                  <Namespace>INT</Namespace>
                  <InformationResourceName>IC_ISM_Implementation_Guide_PDF</InformationResourceName>
                  <InformationResourceVersion>2004-04-30</InformationResourceVersion>
               </DescribedBy>
            </Relationships>
         </InformationResourceTypeXMLAttribute>
      </AddTransaction>

      <AddTransaction>
         <EffectiveDate>04/30/2004</EffectiveDate>
         <SecurityClassification>UNCLASSIFIED</SecurityClassification>
         <Definition>The country or countries and/or international organization(s) to which classified information may be released based on the determination of an originator in accordance with established foreign disclosure procedures</Definition>
         <Comment>This data element holds the list of countries and/or international organizations used in conjunction with the "disseminationControls" values "REL" and "EYES." This element has no purpose unless "disseminationControls" has one of those values.</Comment>
         <Namespace>INT</Namespace>
         <InformationResourceName>releasableTo</InformationResourceName>
         <InformationResourceVersion>2004-04-30</InformationResourceVersion>
         <InformationResourceTypeXMLAttribute>
            <DataTypeString>
               <StringLength>256</StringLength>
            </DataTypeString>
            <Relationships>
               <IsNewerVersionOf>
                  <Namespace>INT</Namespace>
                  <InformationResourceName>releasableTo</InformationResourceName>
                  <InformationResourceVersion>1.0</InformationResourceVersion>
               </IsNewerVersionOf>
               <DescribedBy>
                  <Namespace>INT</Namespace>
                  <InformationResourceName>IC_ISM_DED</InformationResourceName>
                  <InformationResourceVersion>2004-04-30</InformationResourceVersion>
               </DescribedBy>
               <DescribedBy>
                  <Namespace>INT</Namespace>
                  <InformationResourceName>IC_ISM_DED_PDF</InformationResourceName>
                  <InformationResourceVersion>2004-04-30</InformationResourceVersion>
               </DescribedBy>
               <DescribedBy>
                  <Namespace>INT</Namespace>
                  <InformationResourceName>IC_ISM_Implementation_Guide</InformationResourceName>
                  <InformationResourceVersion>2004-04-30</InformationResourceVersion>
               </DescribedBy>
               <DescribedBy>
                  <Namespace>INT</Namespace>
                  <InformationResourceName>IC_ISM_Implementation_Guide_PDF</InformationResourceName>
                  <InformationResourceVersion>2004-04-30</InformationResourceVersion>
               </DescribedBy>
            </Relationships>
         </InformationResourceTypeXMLAttribute>
      </AddTransaction>

      <AddTransaction>
         <EffectiveDate>04/30/2004</EffectiveDate>
         <SecurityClassification>UNCLASSIFIED</SecurityClassification>
         <Definition>Registered trigraphic or digraphic code(s) for defense or intelligence programs for which special access is required</Definition>
         <Namespace>INT</Namespace>
         <InformationResourceName>SARIdentifier</InformationResourceName>
         <InformationResourceVersion>2004-04-30</InformationResourceVersion>
         <InformationResourceTypeXMLAttribute>
            <DataTypeString>
               <StringLength>256</StringLength>
            </DataTypeString>
            <Relationships>
               <DescribedBy>
                  <Namespace>INT</Namespace>
                  <InformationResourceName>IC_ISM_DED</InformationResourceName>
                  <InformationResourceVersion>2004-04-30</InformationResourceVersion>
               </DescribedBy>
               <DescribedBy>
                  <Namespace>INT</Namespace>
                  <InformationResourceName>IC_ISM_DED_PDF</InformationResourceName>
                  <InformationResourceVersion>2004-04-30</InformationResourceVersion>
               </DescribedBy>
               <DescribedBy>
                  <Namespace>INT</Namespace>
                  <InformationResourceName>IC_ISM_Implementation_Guide</InformationResourceName>
                  <InformationResourceVersion>2004-04-30</InformationResourceVersion>
               </DescribedBy>
               <DescribedBy>
                  <Namespace>INT</Namespace>
                  <InformationResourceName>IC_ISM_Implementation_Guide_PDF</InformationResourceName>
                  <InformationResourceVersion>2004-04-30</InformationResourceVersion>
               </DescribedBy>
            </Relationships>
         </InformationResourceTypeXMLAttribute>
      </AddTransaction>

      <AddTransaction>
         <EffectiveDate>04/30/2004</EffectiveDate>
         <SecurityClassification>UNCLASSIFIED</SecurityClassification>
         <Definition>CAPCO-authorized abbreviations for sensitive compartmented information control system(s)</Definition>
         <Comment>For the "SI-ECI-XXX" permissible value, "XXX" is a placeholder for ECI program designator alphabetic trigraphs, which are classified and are therefore not included here. Additional classified and unpublished SCI control system abbreviations are not included here.</Comment>
         <Namespace>INT</Namespace>
         <InformationResourceName>SCIcontrols</InformationResourceName>
         <InformationResourceVersion>2004-04-30</InformationResourceVersion>
         <InformationResourceTypeXMLAttribute>
            <DataTypeString>
               <StringLength>256</StringLength>
            </DataTypeString>
            <Relationships>
               <IsNewerVersionOf>
                  <Namespace>INT</Namespace>
                  <InformationResourceName>SCIcontrols</InformationResourceName>
                  <InformationResourceVersion>1.0</InformationResourceVersion>
               </IsNewerVersionOf>
               <IsConstrainedByDomain>
                  <Namespace>INT</Namespace>
                  <InformationResourceName>IC_ISM_SCIcontrols</InformationResourceName>
                  <InformationResourceVersion>2004-04-30</InformationResourceVersion>
               </IsConstrainedByDomain>
               <DescribedBy>
                  <Namespace>INT</Namespace>
                  <InformationResourceName>IC_ISM_DED</InformationResourceName>
                  <InformationResourceVersion>2004-04-30</InformationResourceVersion>
               </DescribedBy>
               <DescribedBy>
                  <Namespace>INT</Namespace>
                  <InformationResourceName>IC_ISM_DED_PDF</InformationResourceName>
                  <InformationResourceVersion>2004-04-30</InformationResourceVersion>
               </DescribedBy>
               <DescribedBy>
                  <Namespace>INT</Namespace>
                  <InformationResourceName>IC_ISM_Implementation_Guide</InformationResourceName>
                  <InformationResourceVersion>2004-04-30</InformationResourceVersion>
               </DescribedBy>
               <DescribedBy>
                  <Namespace>INT</Namespace>
                  <InformationResourceName>IC_ISM_Implementation_Guide_PDF</InformationResourceName>
                  <InformationResourceVersion>2004-04-30</InformationResourceVersion>
               </DescribedBy>
            </Relationships>
         </InformationResourceTypeXMLAttribute>
      </AddTransaction>

      <AddTransaction>
         <EffectiveDate>04/30/2004</EffectiveDate>
         <SecurityClassification>UNCLASSIFIED</SecurityClassification>
         <Definition>A declassification marking of a source document that causes the current, derivative document to be exempted from automatic declassification</Definition>
         <Comment>"typeOfExemptedSource" and "dateOfExemptedSource" are used together to produce the "Declassify On" value in a classification/declassification block.</Comment>
         <Namespace>INT</Namespace>
         <InformationResourceName>typeOfExemptedSource</InformationResourceName>
         <InformationResourceVersion>2004-04-30</InformationResourceVersion>
         <InformationResourceTypeXMLAttribute>
            <DataTypeString>
               <StringLength>28</StringLength>
            </DataTypeString>
            <Relationships>
               <IsConstrainedByDomain>
                  <Namespace>INT</Namespace>
                  <InformationResourceName>IC_ISM_typeOfExemptedSource</InformationResourceName>
                  <InformationResourceVersion>2004-04-30</InformationResourceVersion>
               </IsConstrainedByDomain>
               <DescribedBy>
                  <Namespace>INT</Namespace>
                  <InformationResourceName>IC_ISM_DED</InformationResourceName>
                  <InformationResourceVersion>2004-04-30</InformationResourceVersion>
               </DescribedBy>
               <DescribedBy>
                  <Namespace>INT</Namespace>
                  <InformationResourceName>IC_ISM_DED_PDF</InformationResourceName>
                  <InformationResourceVersion>2004-04-30</InformationResourceVersion>
               </DescribedBy>
               <DescribedBy>
                  <Namespace>INT</Namespace>
                  <InformationResourceName>IC_ISM_Implementation_Guide</InformationResourceName>
                  <InformationResourceVersion>2004-04-30</InformationResourceVersion>
               </DescribedBy>
               <DescribedBy>
                  <Namespace>INT</Namespace>
                  <InformationResourceName>IC_ISM_Implementation_Guide_PDF</InformationResourceName>
                  <InformationResourceVersion>2004-04-30</InformationResourceVersion>
               </DescribedBy>
            </Relationships>
         </InformationResourceTypeXMLAttribute>
      </AddTransaction>

   </Transactions>

</RegistrySubmission>